{
  "Total" : {
    "transaction" : "Total",
    "sampleCount" : 1000,
    "errorCount" : 424,
    "errorPct" : 42.4,
    "meanResTime" : 1010.4250000000005,
    "medianResTime" : 938.5,
    "minResTime" : 0.0,
    "maxResTime" : 2778.0,
    "pct1ResTime" : 2464.8,
    "pct2ResTime" : 2690.8999999999996,
    "pct3ResTime" : 2750.0,
    "throughput" : 306.37254901960785,
    "receivedKBytesPerSec" : 413.93803615196083,
    "sentKBytesPerSec" : 20.33547794117647
  },
  "HTTP Request" : {
    "transaction" : "HTTP Request",
    "sampleCount" : 1000,
    "errorCount" : 424,
    "errorPct" : 42.4,
    "meanResTime" : 1010.4250000000005,
    "medianResTime" : 938.5,
    "minResTime" : 0.0,
    "maxResTime" : 2778.0,
    "pct1ResTime" : 2464.8,
    "pct2ResTime" : 2690.8999999999996,
    "pct3ResTime" : 2750.0,
    "throughput" : 306.37254901960785,
    "receivedKBytesPerSec" : 413.93803615196083,
    "sentKBytesPerSec" : 20.33547794117647
  }
}