{
  "Total" : {
    "transaction" : "Total",
    "sampleCount" : 6400,
    "errorCount" : 1256,
    "errorPct" : 19.625,
    "meanResTime" : 787.1445312499976,
    "medianResTime" : 480.0,
    "minResTime" : 0.0,
    "maxResTime" : 2337.0,
    "pct1ResTime" : 1844.0,
    "pct2ResTime" : 2010.0,
    "pct3ResTime" : 2224.0,
    "throughput" : 575.177496180462,
    "receivedKBytesPerSec" : 457.56459863957036,
    "sentKBytesPerSec" : 76.53215082120067
  },
  "HTTP Request" : {
    "transaction" : "HTTP Request",
    "sampleCount" : 6400,
    "errorCount" : 1256,
    "errorPct" : 19.625,
    "meanResTime" : 787.1445312499976,
    "medianResTime" : 480.0,
    "minResTime" : 0.0,
    "maxResTime" : 2337.0,
    "pct1ResTime" : 1844.0,
    "pct2ResTime" : 2010.0,
    "pct3ResTime" : 2224.0,
    "throughput" : 575.177496180462,
    "receivedKBytesPerSec" : 457.56459863957036,
    "sentKBytesPerSec" : 76.53215082120067
  }
}