{
  "Total" : {
    "transaction" : "Total",
    "sampleCount" : 5000,
    "errorCount" : 4424,
    "errorPct" : 88.48,
    "meanResTime" : 1144.4280000000015,
    "medianResTime" : 1013.0,
    "minResTime" : 85.0,
    "maxResTime" : 3749.0,
    "pct1ResTime" : 1818.800000000001,
    "pct2ResTime" : 2710.0,
    "pct3ResTime" : 3361.9699999999993,
    "throughput" : 1329.0802764486975,
    "receivedKBytesPerSec" : 3204.2048777246146,
    "sentKBytesPerSec" : 17.64354066985646
  },
  "HTTP Request" : {
    "transaction" : "HTTP Request",
    "sampleCount" : 5000,
    "errorCount" : 4424,
    "errorPct" : 88.48,
    "meanResTime" : 1144.4280000000015,
    "medianResTime" : 1013.0,
    "minResTime" : 85.0,
    "maxResTime" : 3749.0,
    "pct1ResTime" : 1818.800000000001,
    "pct2ResTime" : 2710.0,
    "pct3ResTime" : 3361.9699999999993,
    "throughput" : 1329.0802764486975,
    "receivedKBytesPerSec" : 3204.2048777246146,
    "sentKBytesPerSec" : 17.64354066985646
  }
}